<?xml version="1.0" encoding="UTF-8" standalone="yes" ?>
<FileZilla3>
    <Servers>
        <Server>
            <Host>ftp.samlorgo.com</Host>
            <Port>21</Port>
            <Protocol>0</Protocol>
            <Type>0</Type>
            <User>samlorgo</User>
            <Pass>_ygb#J0wqbBt</Pass>
            <Logontype>1</Logontype>
            <TimezoneOffset>0</TimezoneOffset>
            <PasvMode>MODE_DEFAULT</PasvMode>
            <MaximumMultipleConnections>0</MaximumMultipleConnections>
            <EncodingType>Auto</EncodingType>
            <BypassProxy>0</BypassProxy>
            <Name>LCS</Name>
            <Comments>Cpanel Details&#x0A;=================&#x0A;https://c18318.sgvps.net:2083&#x0A;samlorgo _ygb#J0wqbBt</Comments>
            <LocalDir />
            <RemoteDir />
            <SyncBrowsing>0</SyncBrowsing>LCS&#x0A;        
        </Server>
        <Server>
            <Host>ftp.samlorgo.com</Host>
            <Port>21</Port>
            <Protocol>0</Protocol>
            <Type>0</Type>
            <User>livechat@livechat.samlorgo.com</User>
            <Pass>@livechat&amp;&amp;&amp;</Pass>
            <Logontype>1</Logontype>
            <TimezoneOffset>0</TimezoneOffset>
            <PasvMode>MODE_DEFAULT</PasvMode>
            <MaximumMultipleConnections>0</MaximumMultipleConnections>
            <EncodingType>Auto</EncodingType>
            <BypassProxy>0</BypassProxy>
            <Name>New site</Name>
            <Comments />
            <LocalDir />
            <RemoteDir />
            <SyncBrowsing>0</SyncBrowsing>New site&#x0A;        
        </Server>
        <Server>
            <Host>ftp.smoothgraph.asia</Host>
            <Port>21</Port>
            <Protocol>0</Protocol>
            <Type>0</Type>
            <User>chalat@smoothgraph.asia</User>
            <Pass>s,Ny$Sio0gTT</Pass>
            <Logontype>1</Logontype>
            <TimezoneOffset>0</TimezoneOffset>
            <PasvMode>MODE_DEFAULT</PasvMode>
            <MaximumMultipleConnections>0</MaximumMultipleConnections>
            <EncodingType>Auto</EncodingType>
            <BypassProxy>0</BypassProxy>
            <Name>PUS</Name>
            <Comments>ftp.smoothgraph.asia&#x0A;chalat@smoothgraph.asia&#x0A;s,Ny$Sio0gTT&#x0A;http://smoothgraph.asia/clexpert_admin/project2/</Comments>
            <LocalDir />
            <RemoteDir />
            <SyncBrowsing>0</SyncBrowsing>PUS&#x0A;        
        </Server>
        <Server>
            <Host>ftp.fastsme.com</Host>
            <Port>21</Port>
            <Protocol>0</Protocol>
            <Type>0</Type>
            <User>startdust_tmp@smoothgraph.com</User>
            <Pass>b8t]gefB-oNE</Pass>
            <Logontype>1</Logontype>
            <TimezoneOffset>0</TimezoneOffset>
            <PasvMode>MODE_DEFAULT</PasvMode>
            <MaximumMultipleConnections>0</MaximumMultipleConnections>
            <EncodingType>Auto</EncodingType>
            <BypassProxy>0</BypassProxy>
            <Name>client</Name>
            <Comments> ftp.fastsme.com&#x0D;&#x0A;startdust_tmp@smoothgraph.com&#x0D;&#x0A;b8t]gefB-oNE</Comments>
            <LocalDir />
            <RemoteDir />
            <SyncBrowsing>0</SyncBrowsing>client&#x0A;        
        </Server>
        <Server>
            <Host>koolreport.smoothgraph.co.th</Host>
            <Port>80</Port>
            <Protocol>0</Protocol>
            <Type>0</Type>
            <User>sgcoth</User>
            <Pass>rl6RcI0S}mX=</Pass>
            <Logontype>1</Logontype>
            <TimezoneOffset>0</TimezoneOffset>
            <PasvMode>MODE_DEFAULT</PasvMode>
            <MaximumMultipleConnections>0</MaximumMultipleConnections>
            <EncodingType>Auto</EncodingType>
            <BypassProxy>0</BypassProxy>
            <Name>koolreport</Name>
            <Comments>URL : http://koolreport.smoothgraph.co.th/ cpanel : c18318.sgvps.net:2083 user: sgcoth pass: rl6RcI0S}mX=</Comments>
            <LocalDir />
            <RemoteDir />
            <SyncBrowsing>0</SyncBrowsing>koolreport&#x0A;        
        </Server>
        <Server>
            <Host>45.64.184.63</Host>
            <Port>12022</Port>
            <Protocol>1</Protocol>
            <Type>0</Type>
            <User>thmall</User>
            <Pass>9VqnPQanjxfH</Pass>
            <Logontype>1</Logontype>
            <TimezoneOffset>0</TimezoneOffset>
            <PasvMode>MODE_DEFAULT</PasvMode>
            <MaximumMultipleConnections>0</MaximumMultipleConnections>
            <EncodingType>Auto</EncodingType>
            <BypassProxy>0</BypassProxy>
            <Name>live</Name>
            <Comments>45.64.184.63 : 12022&#x0A;thmall&#x0A;9VqnPQanjxfH</Comments>
            <LocalDir />
            <RemoteDir />
            <SyncBrowsing>0</SyncBrowsing>live&#x0A;        
        </Server>
        <Server>
            <Host>ftp.smoothgraph.co.th</Host>
            <Port>21</Port>
            <Protocol>0</Protocol>
            <Type>0</Type>
            <User>defaultftp@smoothgraph.co.th</User>
            <Pass>t6X178am$0ts</Pass>
            <Logontype>1</Logontype>
            <TimezoneOffset>0</TimezoneOffset>
            <PasvMode>MODE_DEFAULT</PasvMode>
            <MaximumMultipleConnections>0</MaximumMultipleConnections>
            <EncodingType>Auto</EncodingType>
            <BypassProxy>0</BypassProxy>
            <Name>media</Name>
            <Comments>http://smoothgraph.co.th/&#x0A;user: defaultftp@smoothgraph.co.th&#x0A;pass: t6X178am$0ts&#x0A;&#x0A;ftp.smoothgraph.co.th</Comments>
            <LocalDir />
            <RemoteDir />
            <SyncBrowsing>0</SyncBrowsing>media&#x0A;        
        </Server>
        <Server>
            <Host>ftp.ekongmerce.asia</Host>
            <Port>21</Port>
            <Protocol>0</Protocol>
            <Type>0</Type>
            <User>rajeev@ekongmerce.asia</User>
            <Pass>page@987</Pass>
            <Logontype>1</Logontype>
            <TimezoneOffset>0</TimezoneOffset>
            <PasvMode>MODE_DEFAULT</PasvMode>
            <MaximumMultipleConnections>0</MaximumMultipleConnections>
            <EncodingType>Auto</EncodingType>
            <BypassProxy>0</BypassProxy>
            <Name>pageBuilder</Name>
            <Comments>FTP Username: rajeev@ekongmerce.asia&#x0A;FTP Server: ftp.ekongmerce.asia&#x0A;FTP &amp; explicit FTPS port: 21&#x0A;page@987</Comments>
            <LocalDir />
            <RemoteDir />
            <SyncBrowsing>0</SyncBrowsing>pageBuilder&#x0A;        
        </Server>
        <Server>
            <Host>marketadmin.smoothgraph.in</Host>
            <Port>21</Port>
            <Protocol>0</Protocol>
            <Type>0</Type>
            <User>admin@marketadmin.smoothgraph.in</User>
            <Pass>N.W;M8Hdw+V(</Pass>
            <Logontype>1</Logontype>
            <TimezoneOffset>0</TimezoneOffset>
            <PasvMode>MODE_DEFAULT</PasvMode>
            <MaximumMultipleConnections>0</MaximumMultipleConnections>
            <EncodingType>Auto</EncodingType>
            <BypassProxy>0</BypassProxy>
            <Name>salesTable</Name>
            <Comments>Host: marketadmin.smoothgraph.in&#x0A;User: admin@marketadmin.smoothgraph.in&#x0A;pass: N.W;M8Hdw+V(</Comments>
            <LocalDir />
            <RemoteDir />
            <SyncBrowsing>0</SyncBrowsing>salesTable&#x0A;        
        </Server>
        <Server>
            <Host>ftp.samlorgo.com</Host>
            <Port>21</Port>
            <Protocol>0</Protocol>
            <Type>0</Type>
            <User>chalat@samlorgo.com</User>
            <Pass>ix+v_33K)IyL</Pass>
            <Logontype>1</Logontype>
            <TimezoneOffset>0</TimezoneOffset>
            <PasvMode>MODE_DEFAULT</PasvMode>
            <MaximumMultipleConnections>0</MaximumMultipleConnections>
            <EncodingType>Auto</EncodingType>
            <BypassProxy>0</BypassProxy>
            <Name>samlorgo</Name>
            <Comments>ftp.samlorgo.com&#x0A;chalat@samlorgo.com&#x0A;ix+v_33K)IyL</Comments>
            <LocalDir />
            <RemoteDir />
            <SyncBrowsing>0</SyncBrowsing>samlorgo&#x0A;        
        </Server>
        <Server>
            <Host>ftp.magehunter.xyz</Host>
            <Port>21</Port>
            <Protocol>0</Protocol>
            <Type>0</Type>
            <User>seefah@magehunter.xyz</User>
            <Pass>9xve&amp;6&amp;64hpT</Pass>
            <Logontype>1</Logontype>
            <TimezoneOffset>0</TimezoneOffset>
            <PasvMode>MODE_DEFAULT</PasvMode>
            <MaximumMultipleConnections>0</MaximumMultipleConnections>
            <EncodingType>Auto</EncodingType>
            <BypassProxy>0</BypassProxy>
            <Name>seefha</Name>
            <Comments>seefah.magehunter.xyz&#x0A; seefah@magehunter.xyz &#x0A;9xve&amp;6&amp;64hpT</Comments>
            <LocalDir />
            <RemoteDir />
            <SyncBrowsing>0</SyncBrowsing>seefha&#x0A;        
        </Server>
        <Server>
            <Host>ekongmerce.asia</Host>
            <Port>21</Port>
            <Protocol>0</Protocol>
            <Type>0</Type>
            <User>siam@ekongmerce.asia</User>
            <Pass>0FVR5S5l!m4u</Pass>
            <Logontype>1</Logontype>
            <TimezoneOffset>0</TimezoneOffset>
            <PasvMode>MODE_DEFAULT</PasvMode>
            <MaximumMultipleConnections>0</MaximumMultipleConnections>
            <EncodingType>Auto</EncodingType>
            <BypassProxy>0</BypassProxy>
            <Name>siam</Name>
            <Comments>host: ekongmerce.asia&#x0A;user: siam@ekongmerce.asia&#x0A;pass :0FVR5S5l!m4u&#x0A;&#x0A;&#x0A;&#x0A;&#x0A;&#x0A;&#x0A;&#x0A;&#x0A;&#x0A;&#x0A;</Comments>
            <LocalDir />
            <RemoteDir />
            <SyncBrowsing>0</SyncBrowsing>siam&#x0A;        
        </Server>
        <Server>
            <Host>ftp.fastsme.com</Host>
            <Port>21</Port>
            <Protocol>0</Protocol>
            <Type>0</Type>
            <User>admin@smoothgraph.in</User>
            <Pass>KEe2UTmp2Oiz</Pass>
            <Logontype>1</Logontype>
            <TimezoneOffset>0</TimezoneOffset>
            <PasvMode>MODE_DEFAULT</PasvMode>
            <MaximumMultipleConnections>0</MaximumMultipleConnections>
            <EncodingType>Auto</EncodingType>
            <BypassProxy>0</BypassProxy>
            <Name>smoothgraph</Name>
            <Comments>ftp.fastsme.com&#x0A;admin@smoothgraph.in&#x0A;KEe2UTmp2Oiz</Comments>
            <LocalDir />
            <RemoteDir />
            <SyncBrowsing>0</SyncBrowsing>smoothgraph&#x0A;        
        </Server>
        <Server>
            <Host>ftp.fastsme.com</Host>
            <Port>21</Port>
            <Protocol>0</Protocol>
            <Type>0</Type>
            <User>tgadmin@smoothgraph.com</User>
            <Pass>p@ssw0rd</Pass>
            <Logontype>1</Logontype>
            <TimezoneOffset>0</TimezoneOffset>
            <PasvMode>MODE_DEFAULT</PasvMode>
            <MaximumMultipleConnections>0</MaximumMultipleConnections>
            <EncodingType>Auto</EncodingType>
            <BypassProxy>0</BypassProxy>
            <Name>tgfone</Name>
            <Comments>FTP: &#x0A;ftp.fastsme.com &#x0A;tgadmin@smoothgraph.com &#x0A;p@ssw0rd</Comments>
            <LocalDir />
            <RemoteDir />
            <SyncBrowsing>0</SyncBrowsing>tgfone&#x0A;        
        </Server>
        <Server>
            <Host>13.228.201.147</Host>
            <Port>12222</Port>
            <Protocol>1</Protocol>
            <Type>0</Type>
            <Logontype>0</Logontype>
            <TimezoneOffset>0</TimezoneOffset>
            <PasvMode>MODE_DEFAULT</PasvMode>
            <MaximumMultipleConnections>0</MaximumMultipleConnections>
            <EncodingType>Auto</EncodingType>
            <BypassProxy>0</BypassProxy>
            <Name>thaitrade</Name>
            <Comments>13.228.201.147&#x0A;&#x0A;12222&#x0A;ubuntu&#x0A;</Comments>
            <LocalDir />
            <RemoteDir />
            <SyncBrowsing>0</SyncBrowsing>thaitrade&#x0A;        
        </Server>
    </Servers>
    <Settings>
        <Setting name="Use Pasv mode">1</Setting>
        <Setting name="Limit local ports">0</Setting>
        <Setting name="Limit ports low">6000</Setting>
        <Setting name="Limit ports high">7000</Setting>
        <Setting name="External IP mode">0</Setting>
        <Setting name="External IP" />
        <Setting name="External address resolver">http://ip.filezilla-project.org/ip.php</Setting>
        <Setting name="Last resolved IP" />
        <Setting name="No external ip on local conn">1</Setting>
        <Setting name="Pasv reply fallback mode">0</Setting>
        <Setting name="Timeout">20</Setting>
        <Setting name="Logging Debug Level">0</Setting>
        <Setting name="Logging Raw Listing">0</Setting>
        <Setting name="fzsftp executable" />
        <Setting name="Allow transfermode fallback">1</Setting>
        <Setting name="Reconnect count">2</Setting>
        <Setting name="Reconnect delay">5</Setting>
        <Setting name="Enable speed limits">0</Setting>
        <Setting name="Speedlimit inbound">100</Setting>
        <Setting name="Speedlimit outbound">20</Setting>
        <Setting name="Speedlimit burst tolerance">0</Setting>
        <Setting name="View hidden files">0</Setting>
        <Setting name="Preserve timestamps">0</Setting>
        <Setting name="Socket recv buffer size (v2)">4194304</Setting>
        <Setting name="Socket send buffer size (v2)">262144</Setting>
        <Setting name="FTP Keep-alive commands">0</Setting>
        <Setting name="FTP Proxy type">0</Setting>
        <Setting name="FTP Proxy host" />
        <Setting name="FTP Proxy user" />
        <Setting name="FTP Proxy password" />
        <Setting name="FTP Proxy login sequence" />
        <Setting name="SFTP keyfiles" />
        <Setting name="Proxy type">0</Setting>
        <Setting name="Proxy host" />
        <Setting name="Proxy port">0</Setting>
        <Setting name="Proxy user" />
        <Setting name="Proxy password" />
        <Setting name="Logging file" />
        <Setting name="Logging filesize limit">10</Setting>
        <Setting name="Trusted root certificate" />
        <Setting name="Size format">3</Setting>
        <Setting name="Size thousands separator">1</Setting>
        <Setting name="Size decimal places">1</Setting>
        <Setting name="Number of Transfers">2</Setting>
        <Setting name="Ascii Binary mode">0</Setting>
        <Setting name="Auto Ascii files">am|asp|bat|c|cfm|cgi|conf|cpp|css|dhtml|diz|h|hpp|htm|html|in|inc|java|js|jsp|lua|m4|mak|md5|nfo|nsi|pas|patch|php|phtml|pl|po|py|qmail|sh|shtml|sql|svg|tcl|tpl|txt|vbs|xhtml|xml|xrc</Setting>
        <Setting name="Auto Ascii no extension">1</Setting>
        <Setting name="Auto Ascii dotfiles">1</Setting>
        <Setting name="Theme">opencrystal/</Setting>
        <Setting name="Language Code" />
        <Setting name="Last Server Path" />
        <Setting name="Concurrent download limit">0</Setting>
        <Setting name="Concurrent upload limit">0</Setting>
        <Setting name="Update Check">1</Setting>
        <Setting name="Update Check Interval">7</Setting>
        <Setting name="Last automatic update check" />
        <Setting name="Update Check New Version" />
        <Setting name="Update Check Check Beta">0</Setting>
        <Setting name="Update Check Download Dir" />
        <Setting name="Show debug menu">0</Setting>
        <Setting name="File exists action download">0</Setting>
        <Setting name="File exists action upload">0</Setting>
        <Setting name="Allow ascii resume">0</Setting>
        <Setting name="Greeting version">3.7.3</Setting>
        <Setting name="Onetime Dialogs" />
        <Setting name="Show Tree Local">1</Setting>
        <Setting name="Show Tree Remote">1</Setting>
        <Setting name="File Pane Layout">0</Setting>
        <Setting name="File Pane Swap">0</Setting>
        <Setting name="Last local directory">/home/smoothgraph/promotion_29_2018/03_july_2018/</Setting>
        <Setting name="Filelist directory sort">0</Setting>
        <Setting name="Queue successful autoclear">0</Setting>
        <Setting name="Queue column widths">180 60 180 80 60 150</Setting>
        <Setting name="Local filelist colwidths">120 222 100 120</Setting>
        <Setting name="Remote filelist colwidths">253 75 80 100 80 80</Setting>
        <Setting name="Window position and size">1 265 37 900 577 </Setting>
        <Setting name="Splitter positions (v2)">97 -60 338970023 100 100 500000000</Setting>
        <Setting name="Local filelist sortorder">0 0</Setting>
        <Setting name="Remote filelist sortorder">0 0</Setting>
        <Setting name="Time Format">0</Setting>
        <Setting name="Date Format">0</Setting>
        <Setting name="Show message log">1</Setting>
        <Setting name="Show queue">1</Setting>
        <Setting name="Default editor">2/opt/sublime_text/sublime_text</Setting>
        <Setting name="Always use default editor">1</Setting>
        <Setting name="Inherit system associations">1</Setting>
        <Setting name="Custom file associations">&#x0A;js /opt/Aptana_Studio_3/AptanaStudio3&#x0A;php /usr/bin/gedit</Setting>
        <Setting name="Comparison mode">1</Setting>
        <Setting name="Comparison threshold">1</Setting>
        <Setting name="Site Manager position">0 405 160 620 472 </Setting>
        <Setting name="Theme icon size">16x16</Setting>
        <Setting name="Timestamp in message log">0</Setting>
        <Setting name="Sitemanager last selected">0thaitrade/</Setting>
        <Setting name="Local filelist shown columns">1111</Setting>
        <Setting name="Remote filelist shown columns">111111</Setting>
        <Setting name="Local filelist column order">0,1,2,3</Setting>
        <Setting name="Remote filelist column order">0,1,2,3,4,5</Setting>
        <Setting name="Filelist status bar">1</Setting>
        <Setting name="Filter toggle state">0</Setting>
        <Setting name="Show quickconnect bar">1</Setting>
        <Setting name="Messagelog position">0</Setting>
        <Setting name="Last connected site">0/thaitrade</Setting>
        <Setting name="File doubleclock action">0</Setting>
        <Setting name="Dir doubleclock action">0</Setting>
        <Setting name="Minimize to tray">0</Setting>
        <Setting name="Search column widths" />
        <Setting name="Search column shown" />
        <Setting name="Search column order" />
        <Setting name="Search window size" />
        <Setting name="Comparison hide identical">0</Setting>
        <Setting name="Search sort order" />
        <Setting name="Edit track local">1</Setting>
        <Setting name="Prevent idle sleep">1</Setting>
        <Setting name="Filteredit window size" />
        <Setting name="Enable invalid char filter">1</Setting>
        <Setting name="Invalid char replace">_</Setting>
        <Setting name="Already connected choice">0</Setting>
        <Setting name="Edit status dialog size" />
        <Setting name="Display current speed">0</Setting>
        <Setting name="Toolbar hidden">0</Setting>
        <Setting name="Strip VMS revisions">0</Setting>
        <Setting name="Show Site Manager on startup">0</Setting>
        <Setting name="Prompt password change">0</Setting>
        <Setting name="Config Location">/home/smoothgraph/.filezilla</Setting>
        <Setting name="Kiosk mode">0</Setting>
        <Setting name="Disable update check">0</Setting>
        <LastServer>
            <Host>13.228.201.147</Host>
            <Port>12222</Port>
            <Protocol>1</Protocol>
            <Type>0</Type>
            <Logontype>0</Logontype>
            <TimezoneOffset>0</TimezoneOffset>
            <PasvMode>MODE_DEFAULT</PasvMode>
            <MaximumMultipleConnections>0</MaximumMultipleConnections>
            <EncodingType>Auto</EncodingType>
            <BypassProxy>0</BypassProxy>
            <Name>thaitrade</Name>
        </LastServer>
    </Settings>
    <Queue />
</FileZilla3>
